filename,a1_malloc_calls,a2_free_calls,a3_missing_frees,b1_alloc_bytes,b2_free_bytes,b3_leak_bytes,c_run_time_sec
qasan_report_2025-05-15_21-58-36.txt,30662,30117,545,3007157,2927880,79277,1.363871
qasan_report_2025-05-15_21-59-13.txt,31034,30489,545,3065121,2985844,79277,1.249351
qasan_report_2025-05-15_21-59-50.txt,31412,30867,545,3124757,3045480,79277,1.368796
qasan_report_2025-05-15_22-00-26.txt,31832,31287,545,3191817,3112540,79277,1.304804
qasan_report_2025-05-15_22-01-03.txt,30586,30041,545,2993221,2913944,79277,1.255277
qasan_report_2025-05-15_22-01-40.txt,35822,35277,545,3823189,3743912,79277,1.399389
qasan_report_2025-05-15_22-02-17.txt,35927,35382,545,3840181,3760904,79277,1.410558
qasan_report_2025-05-15_22-02-54.txt,31517,30972,545,3141769,3062492,79277,1.298792
qasan_report_2025-05-15_22-03-31.txt,31419,30874,545,3125473,3046196,79277,1.277451
qasan_report_2025-05-15_22-04-08.txt,31419,30874,545,3125273,3045996,79277,1.292229
qasan_report_2025-05-15_22-04-45.txt,31189,30644,545,3087981,3008704,79277,1.259552
qasan_report_2025-05-15_22-05-22.txt,30754,30209,545,3019413,2940136,79277,1.259486
qasan_report_2025-05-15_22-05-59.txt,30754,30209,545,3019813,2940536,79277,1.24056
qasan_report_2025-05-15_22-06-35.txt,30740,30195,545,3017597,2938320,79277,1.258571
qasan_report_2025-05-15_22-07-12.txt,32392,31847,545,3279681,3200404,79277,1.309632
qasan_report_2025-05-15_22-07-50.txt,32392,31847,545,3279485,3200208,79277,1.311414
qasan_report_2025-05-15_22-08-27.txt,31986,31441,545,3215221,3135944,79277,1.293593
qasan_report_2025-05-15_22-09-04.txt,31916,31371,545,3203741,3124464,79277,1.317179
qasan_report_2025-05-15_22-09-40.txt,30586,30041,545,2993621,2914344,79277,1.253781
qasan_report_2025-05-15_22-10-16.txt,30523,29978,545,2983649,2904372,79277,1.273946
qasan_report_2025-05-15_22-10-53.txt,28283,27738,545,2653993,2574716,79277,1.195125
qasan_report_2025-05-15_22-11-30.txt,28702,28157,545,2724963,2645686,79277,1.202873
qasan_report_2025-05-15_22-12-07.txt,28451,27906,545,2680109,2600832,79277,1.188989
qasan_report_2025-05-15_22-12-43.txt,28451,27906,545,2680313,2601036,79277,1.177784
qasan_report_2025-05-15_22-13-20.txt,28269,27724,545,2651029,2571752,79277,1.183195
qasan_report_2025-05-15_22-13-57.txt,29970,29425,545,2920681,2841404,79277,1.257902
qasan_report_2025-05-15_22-14-34.txt,30033,29488,545,2930789,2851512,79277,1.234688
qasan_report_2025-05-15_22-15-10.txt,28465,27920,545,2682461,2603184,79277,1.191934
qasan_report_2025-05-15_22-15-46.txt,28612,28067,545,2705457,2626180,79277,1.199712
qasan_report_2025-05-15_22-16-23.txt,28647,28102,545,2710929,2631652,79277,1.189218
qasan_report_2025-05-15_22-17-00.txt,28465,27920,545,2681849,2602572,79277,1.189171
qasan_report_2025-05-15_22-17-37.txt,28290,27745,545,2654217,2574940,79277,1.18176
qasan_report_2025-05-15_22-18-13.txt,29032,28487,545,2771801,2692524,79277,1.216348
qasan_report_2025-05-15_22-18-49.txt,29102,28557,545,2782881,2703604,79277,1.265691
qasan_report_2025-05-15_22-19-26.txt,28871,28326,545,2746521,2667244,79277,1.195324
qasan_report_2025-05-15_22-20-02.txt,28871,28326,545,2746453,2667176,79277,1.188223
qasan_report_2025-05-15_22-20-38.txt,28430,27885,545,2676649,2597372,79277,1.182845
qasan_report_2025-05-15_22-21-15.txt,28661,28116,545,2713077,2633800,79277,1.188452
qasan_report_2025-05-15_22-21-51.txt,28220,27675,545,2643409,2564132,79277,1.18684
qasan_report_2025-05-15_22-22-28.txt,28234,27689,545,2645625,2566348,79277,1.185083
qasan_report_2025-05-15_22-23-05.txt,27926,27381,545,2600717,2521440,79277,1.175321
qasan_report_2025-05-15_22-23-42.txt,27905,27360,545,2597181,2517904,79277,1.174052
qasan_report_2025-05-15_22-24-19.txt,28332,27787,545,2664729,2585452,79277,1.187098
qasan_report_2025-05-15_22-24-55.txt,28325,27780,545,2663741,2584464,79277,1.179869
qasan_report_2025-05-15_22-25-31.txt,27905,27360,545,2596973,2517696,79277,1.171864
qasan_report_2025-05-15_22-26-09.txt,31447,30902,545,3157869,3078592,79277,1.302408
qasan_report_2025-05-15_22-26-45.txt,31517,30972,545,3169025,3089748,79277,1.278794
qasan_report_2025-05-15_22-27-22.txt,28311,27766,545,2661485,2582208,79277,1.179806
qasan_report_2025-05-15_22-27-58.txt,28304,27759,545,2660217,2580940,79277,1.185746
qasan_report_2025-05-15_22-28-34.txt,28304,27759,545,2660173,2580896,79277,1.196214
qasan_report_2025-05-15_22-29-11.txt,27933,27388,545,2601273,2521996,79277,1.162917
qasan_report_2025-05-15_22-29-48.txt,27926,27381,545,2600209,2520932,79277,1.192439
qasan_report_2025-05-15_22-30-25.txt,27905,27360,545,2596973,2517696,79277,1.183385
qasan_report_2025-05-15_22-31-01.txt,27905,27360,545,2596973,2517696,79277,1.187216
qasan_report_2025-05-15_22-31-37.txt,29088,28543,545,2784353,2705076,79277,1.199359
qasan_report_2025-05-15_22-32-14.txt,29088,28543,545,2784313,2705036,79277,1.205697
qasan_report_2025-05-15_22-32-51.txt,28304,27759,545,2660217,2580940,79277,1.178904
qasan_report_2025-05-15_22-33-28.txt,28703,28158,545,2723285,2644008,79277,1.19344
qasan_report_2025-05-15_22-34-04.txt,27912,27367,545,2598169,2518892,79277,1.179285
qasan_report_2025-05-15_22-34-40.txt,27912,27367,545,2598169,2518892,79277,1.173301
qasan_report_2025-05-15_22-35-17.txt,27004,26459,545,2464073,2384796,79277,1.138685
qasan_report_2025-05-15_22-35-54.txt,26934,26389,545,2452681,2373404,79277,1.147804
qasan_report_2025-05-15_22-36-31.txt,27053,26508,545,2471469,2392192,79277,1.154612
qasan_report_2025-05-15_22-37-07.txt,27053,26508,545,2471625,2392348,79277,1.17306
qasan_report_2025-05-15_22-37-43.txt,26934,26389,545,2452417,2373140,79277,1.143173
qasan_report_2025-05-15_22-38-20.txt,27907,27362,545,2606749,2527472,79277,1.159764
qasan_report_2025-05-15_22-38-56.txt,27928,27383,545,2610177,2530900,79277,1.170697
qasan_report_2025-05-15_22-39-34.txt,27053,26508,545,2471575,2392298,79277,1.14796
qasan_report_2025-05-15_22-40-10.txt,27053,26508,545,2471367,2392090,79277,1.164717
qasan_report_2025-05-15_22-40-47.txt,27053,26508,545,2471311,2392034,79277,1.152309
qasan_report_2025-05-15_22-41-24.txt,27060,26515,545,2472183,2392906,79277,1.147095
qasan_report_2025-05-15_22-42-01.txt,27039,26494,545,2468919,2389642,79277,1.148369
qasan_report_2025-05-15_22-42-38.txt,26933,26388,545,2419619,2340342,79277,1.20246
qasan_report_2025-05-15_22-43-14.txt,26934,26389,545,2452419,2373142,79277,1.149347
qasan_report_2025-05-15_22-43-51.txt,27270,26725,545,2505767,2426490,79277,1.150631
qasan_report_2025-05-15_22-44-28.txt,27270,26725,545,2505715,2426438,79277,1.150097
qasan_report_2025-05-15_22-45-05.txt,27060,26515,545,2472475,2393198,79277,1.149738
qasan_report_2025-05-15_22-45-41.txt,27172,26627,545,2490091,2410814,79277,1.158493
qasan_report_2025-05-15_22-46-17.txt,26934,26389,545,2452531,2373254,79277,1.161236
qasan_report_2025-05-15_22-46-54.txt,26941,26396,545,2453639,2374362,79277,1.180645
qasan_report_2025-05-15_22-47-30.txt,29608,29086,522,2882042,2803574,78468,1.205894
qasan_report_2025-05-15_22-48-05.txt,29825,29303,522,2915294,2836826,78468,1.172651
qasan_report_2025-05-15_22-48-40.txt,30483,29961,522,3019254,2940786,78468,1.185206
qasan_report_2025-05-15_22-49-13.txt,30637,30115,522,3044198,2965730,78468,1.185191
qasan_report_2025-05-15_22-49-48.txt,29524,29002,522,2866682,2788214,78468,1.165006
qasan_report_2025-05-15_22-50-23.txt,35005,34483,522,3735406,3656938,78468,1.313413
qasan_report_2025-05-15_22-50-58.txt,35103,34581,522,3751282,3672814,78468,1.307987
qasan_report_2025-05-15_22-51-34.txt,30392,29870,522,3005234,2926766,78468,1.182958
qasan_report_2025-05-15_22-52-08.txt,30497,29975,522,3021086,2942618,78468,1.188655
qasan_report_2025-05-15_22-52-43.txt,30497,29975,522,3020890,2942422,78468,1.183997
qasan_report_2025-05-15_22-53-17.txt,30120,29598,522,2960346,2881878,78468,1.195518
qasan_report_2025-05-15_22-53-52.txt,29692,29170,522,2892882,2814414,78468,1.17655
qasan_report_2025-05-15_22-54-28.txt,29692,29170,522,2893274,2814806,78468,1.1584
qasan_report_2025-05-15_22-55-02.txt,29685,29163,522,2892166,2813698,78468,1.215062
qasan_report_2025-05-15_22-55-37.txt,31337,30815,522,3154238,3075770,78468,1.1947
qasan_report_2025-05-15_22-56-12.txt,31337,30815,522,3154046,3075578,78468,1.205234
qasan_report_2025-05-15_22-56-47.txt,30763,30241,522,3063190,2984722,78468,1.193734
qasan_report_2025-05-15_22-57-23.txt,31001,30479,522,3100470,3022002,78468,1.192278
qasan_report_2025-05-15_22-57-57.txt,29531,29009,522,2868182,2789714,78468,1.153397
qasan_report_2025-05-15_22-58-32.txt,29468,28946,522,2858210,2779742,78468,1.159014
qasan_report_2025-05-15_22-59-07.txt,27315,26793,522,2543018,2464550,78468,1.104668
qasan_report_2025-05-15_22-59-41.txt,27903,27381,522,2635706,2557238,78468,1.123832
qasan_report_2025-05-15_23-00-17.txt,27483,26961,522,2569162,2490694,78468,1.105986
qasan_report_2025-05-15_23-00-51.txt,27483,26961,522,2569354,2490886,78468,1.152769
qasan_report_2025-05-15_23-01-26.txt,27301,26779,522,2540098,2461630,78468,1.110645
qasan_report_2025-05-15_23-02-01.txt,29002,28480,522,2809726,2731258,78468,1.140062
qasan_report_2025-05-15_23-02-35.txt,29072,28550,522,2820934,2742466,78468,1.1609
qasan_report_2025-05-15_23-03-10.txt,27490,26968,522,2570398,2491930,78468,1.11248
qasan_report_2025-05-15_23-03-45.txt,27581,27059,522,2584546,2506078,78468,1.143776
qasan_report_2025-05-15_23-04-19.txt,27616,27094,522,2590022,2511554,78468,1.106118
qasan_report_2025-05-15_23-04-54.txt,27490,26968,522,2569822,2491354,78468,1.107414
qasan_report_2025-05-15_23-05-29.txt,27308,26786,522,2541078,2462610,78468,1.101582
qasan_report_2025-05-15_23-06-04.txt,27756,27234,522,2612118,2533650,78468,1.114481
qasan_report_2025-05-15_23-06-39.txt,27819,27297,522,2622090,2543622,78468,1.120992
qasan_report_2025-05-15_23-07-13.txt,27903,27381,522,2635578,2557110,78468,1.116173
qasan_report_2025-05-15_23-07-48.txt,27903,27381,522,2635514,2557046,78468,1.11169
qasan_report_2025-05-15_23-08-24.txt,27462,26940,522,2565710,2487242,78468,1.112286
qasan_report_2025-05-15_23-08-59.txt,27693,27171,522,2602146,2523678,78468,1.110255
qasan_report_2025-05-15_23-09-34.txt,27259,26737,522,2533580,2455112,78468,1.097509
qasan_report_2025-05-15_23-10-09.txt,27273,26751,522,2535796,2457328,78468,1.100723
qasan_report_2025-05-15_23-10-44.txt,27168,26646,522,2521072,2442604,78468,1.104978
qasan_report_2025-05-15_23-11-19.txt,27140,26618,522,2516428,2437960,78468,1.098635
qasan_report_2025-05-15_23-11-54.txt,27574,27052,522,2585084,2506616,78468,1.1157
qasan_report_2025-05-15_23-12-29.txt,27567,27045,522,2584096,2505628,78468,1.099289
qasan_report_2025-05-15_23-13-04.txt,27140,26618,522,2516220,2437752,78468,1.096643
qasan_report_2025-05-15_23-13-38.txt,30808,30286,522,3097060,3018592,78468,1.185548
qasan_report_2025-05-15_23-14-13.txt,30871,30349,522,3107108,3028640,78468,1.197438
qasan_report_2025-05-15_23-14-47.txt,27567,27045,522,2584056,2505588,78468,1.098946
qasan_report_2025-05-15_23-15-22.txt,27553,27031,522,2581680,2503212,78468,1.10628
qasan_report_2025-05-15_23-15-57.txt,27553,27031,522,2581636,2503168,78468,1.121216
qasan_report_2025-05-15_23-16-31.txt,27161,26639,522,2519412,2440944,78468,1.106444
qasan_report_2025-05-15_23-17-06.txt,27161,26639,522,2519456,2440988,78468,1.096005
qasan_report_2025-05-15_23-17-40.txt,27140,26618,522,2516220,2437752,78468,1.247747
qasan_report_2025-05-15_23-18-15.txt,27140,26618,522,2516220,2437752,78468,1.09447
qasan_report_2025-05-15_23-18-50.txt,28365,27843,522,2710248,2631780,78468,1.118773
qasan_report_2025-05-15_23-19-24.txt,28365,27843,522,2710208,2631740,78468,1.121073
qasan_report_2025-05-15_23-19-59.txt,27553,27031,522,2581680,2503212,78468,1.097642
qasan_report_2025-05-15_23-20-34.txt,27966,27444,522,2646964,2568496,78468,1.115736
qasan_report_2025-05-15_23-21-08.txt,27147,26625,522,2517416,2438948,78468,1.103694
qasan_report_2025-05-15_23-21-43.txt,27147,26625,522,2517416,2438948,78468,1.102294
qasan_report_2025-05-15_23-22-17.txt,26285,25763,522,2390088,2311620,78468,1.075491
qasan_report_2025-05-15_23-22-54.txt,26334,25812,522,2397460,2318992,78468,1.119688
qasan_report_2025-05-15_23-23-28.txt,26334,25812,522,2397628,2319160,78468,1.07644
qasan_report_2025-05-15_23-24-02.txt,26215,25693,522,2378392,2299924,78468,1.077611
qasan_report_2025-05-15_23-24-37.txt,27188,26666,522,2532748,2454280,78468,1.096183
qasan_report_2025-05-15_23-25-11.txt,27209,26687,522,2536184,2457716,78468,1.09988
qasan_report_2025-05-15_23-25-46.txt,26334,25812,522,2397572,2319104,78468,1.078542
qasan_report_2025-05-15_23-26-20.txt,26334,25812,522,2397348,2318880,78468,1.080975
qasan_report_2025-05-15_23-26-55.txt,26333,25811,522,2364488,2286020,78468,1.288056
qasan_report_2025-05-15_23-27-30.txt,26348,25826,522,2399252,2320784,78468,1.091147
qasan_report_2025-05-15_23-28-05.txt,26320,25798,522,2394884,2316416,78468,1.096305
qasan_report_2025-05-15_23-28-39.txt,26215,25693,522,2378392,2299924,78468,1.068916
qasan_report_2025-05-15_23-29-14.txt,26215,25693,522,2378392,2299924,78468,1.088617
qasan_report_2025-05-15_23-29-48.txt,26551,26029,522,2431752,2353284,78468,1.088789
qasan_report_2025-05-15_23-30-23.txt,26551,26029,522,2431696,2353228,78468,1.079675
qasan_report_2025-05-15_23-30-57.txt,26341,25819,522,2398456,2319988,78468,1.070649
qasan_report_2025-05-15_23-31-31.txt,26453,25931,522,2416064,2337596,78468,1.099499
qasan_report_2025-05-15_23-32-06.txt,26215,25693,522,2378512,2300044,78468,1.069983
qasan_report_2025-05-15_23-32-41.txt,26222,25700,522,2379620,2301152,78468,1.069155
qasan_report_2025-05-15_23-33-16.txt,31782,31254,528,3120581,3041986,78595,1.300493
qasan_report_2025-05-15_23-33-51.txt,32174,31646,528,3181461,3102866,78595,1.264731
qasan_report_2025-05-15_23-34-26.txt,32706,32178,528,3265465,3186870,78595,1.291889
qasan_report_2025-05-15_23-35-01.txt,33000,32472,528,3312605,3234010,78595,1.311875
qasan_report_2025-05-15_23-35-36.txt,31698,31170,528,3105089,3026494,78595,1.249598
qasan_report_2025-05-15_23-36-11.txt,37270,36742,528,3988289,3909694,78595,1.408726
qasan_report_2025-05-15_23-36-47.txt,37382,36854,528,4006405,3927810,78595,1.417841
qasan_report_2025-05-15_23-37-21.txt,32657,32129,528,3258117,3179522,78595,1.266273
qasan_report_2025-05-15_23-37-56.txt,32720,32192,528,3267273,3188678,78595,1.282219
qasan_report_2025-05-15_23-38-32.txt,32720,32192,528,3267065,3188470,78595,1.298601
qasan_report_2025-05-15_23-39-07.txt,32357,31829,528,3208689,3130094,78595,1.2702
qasan_report_2025-05-15_23-39-42.txt,31866,31338,528,3131265,3052670,78595,1.263213
qasan_report_2025-05-15_23-40-17.txt,31936,31408,528,3142761,3064166,78595,1.285686
qasan_report_2025-05-15_23-40-52.txt,31929,31401,528,3141653,3063058,78595,1.264013
qasan_report_2025-05-15_23-41-27.txt,33560,33032,528,3400437,3321842,78595,1.307276
qasan_report_2025-05-15_23-42-02.txt,33560,33032,528,3400233,3321638,78595,1.295304
qasan_report_2025-05-15_23-42-37.txt,33147,32619,528,3334861,3256266,78595,1.28981
qasan_report_2025-05-15_23-43-12.txt,33217,32689,528,3345525,3266930,78595,1.411623
qasan_report_2025-05-15_23-43-47.txt,31705,31177,528,3106613,3028018,78595,1.253976
qasan_report_2025-05-15_23-44-22.txt,31642,31114,528,3096641,3018046,78595,1.258331
qasan_report_2025-05-15_23-44-58.txt,29238,28710,528,2744449,2665854,78595,1.168981
qasan_report_2025-05-15_23-45-32.txt,29431,28903,528,2779995,2701400,78595,1.195746
qasan_report_2025-05-15_23-46-07.txt,29406,28878,528,2770593,2691998,78595,1.19442
qasan_report_2025-05-15_23-46-42.txt,29406,28878,528,2770785,2692190,78595,1.183946
qasan_report_2025-05-15_23-47-16.txt,29217,28689,528,2740421,2661826,78595,1.206216
qasan_report_2025-05-15_23-47-52.txt,30932,30404,528,3012265,2933670,78595,1.232667
qasan_report_2025-05-15_23-48-27.txt,31009,30481,528,3024581,2945986,78595,1.322889
qasan_report_2025-05-15_23-49-03.txt,29413,28885,528,2771829,2693234,78595,1.184067
qasan_report_2025-05-15_23-49-37.txt,29539,29011,528,2791517,2712922,78595,1.180019
qasan_report_2025-05-15_23-50-12.txt,29574,29046,528,2796993,2718398,78595,1.199432
qasan_report_2025-05-15_23-50-47.txt,29413,28885,528,2771253,2692658,78595,1.183393
qasan_report_2025-05-15_23-51-22.txt,29224,28696,528,2741401,2662806,78595,1.171436
qasan_report_2025-05-15_23-51-57.txt,29847,29319,528,2840141,2761546,78595,1.196344
qasan_report_2025-05-15_23-52-32.txt,29910,29382,528,2850113,2771518,78595,1.202667
qasan_report_2025-05-15_23-53-07.txt,29833,29305,528,2838117,2759522,78595,1.205207
qasan_report_2025-05-15_23-53-42.txt,29833,29305,528,2838053,2759458,78595,1.1888
qasan_report_2025-05-15_23-54-17.txt,29385,28857,528,2767141,2688546,78595,1.198585
qasan_report_2025-05-15_23-54-51.txt,29623,29095,528,2804685,2726090,78595,1.18213
qasan_report_2025-05-15_23-55-25.txt,29175,28647,528,2733901,2655306,78595,1.180397
qasan_report_2025-05-15_23-55-59.txt,29189,28661,528,2736117,2657522,78595,1.186268
qasan_report_2025-05-15_23-56-34.txt,29024,28496,528,2712465,2633870,78595,1.179272
qasan_report_2025-05-15_23-57-09.txt,28996,28468,528,2707821,2629226,78595,1.16626
qasan_report_2025-05-15_23-57-44.txt,29430,28902,528,2776477,2697882,78595,1.296677
qasan_report_2025-05-15_23-58-19.txt,29423,28895,528,2775489,2696894,78595,1.192923
qasan_report_2025-05-15_23-58-54.txt,28996,28468,528,2707613,2629018,78595,1.206658
qasan_report_2025-05-15_23-59-28.txt,32664,32136,528,3288453,3209858,78595,1.27182
qasan_report_2025-05-16_00-00-03.txt,32727,32199,528,3298501,3219906,78595,1.296161
qasan_report_2025-05-16_00-00-38.txt,29423,28895,528,2775449,2696854,78595,1.19897
qasan_report_2025-05-16_00-01-13.txt,29409,28881,528,2773073,2694478,78595,1.187841
qasan_report_2025-05-16_00-01-48.txt,29409,28881,528,2773029,2694434,78595,1.190145
qasan_report_2025-05-16_00-02-22.txt,29024,28496,528,2711913,2633318,78595,1.173058
qasan_report_2025-05-16_00-02-58.txt,29017,28489,528,2710849,2632254,78595,1.168837
qasan_report_2025-05-16_00-03-33.txt,28996,28468,528,2707613,2629018,78595,1.170498
qasan_report_2025-05-16_00-04-08.txt,28996,28468,528,2707613,2629018,78595,1.179063
qasan_report_2025-05-16_00-04-43.txt,30221,29693,528,2901641,2823046,78595,1.214029
qasan_report_2025-05-16_00-05-17.txt,30221,29693,528,2901601,2823006,78595,1.189212
qasan_report_2025-05-16_00-05-53.txt,29409,28881,528,2773073,2694478,78595,1.194004
qasan_report_2025-05-16_00-06-29.txt,29822,29294,528,2838357,2759762,78595,1.195953
qasan_report_2025-05-16_00-07-03.txt,29003,28475,528,2708809,2630214,78595,1.191043
qasan_report_2025-05-16_00-07-37.txt,29010,28482,528,2709917,2631322,78595,1.152535
qasan_report_2025-05-16_00-08-12.txt,28081,27553,528,2572585,2493990,78595,1.150436
qasan_report_2025-05-16_00-08-47.txt,28011,27483,528,2561177,2482582,78595,1.134501
qasan_report_2025-05-16_00-09-22.txt,28130,27602,528,2579957,2501362,78595,1.147188
qasan_report_2025-05-16_00-09-56.txt,28130,27602,528,2580125,2501530,78595,1.144874
qasan_report_2025-05-16_00-10-30.txt,28011,27483,528,2560889,2482294,78595,1.263897
qasan_report_2025-05-16_00-11-05.txt,28984,28456,528,2715245,2636650,78595,1.172746
qasan_report_2025-05-16_00-11-40.txt,29005,28477,528,2718681,2640086,78595,1.160444
qasan_report_2025-05-16_00-12-16.txt,28130,27602,528,2580069,2501474,78595,1.142077
qasan_report_2025-05-16_00-12-51.txt,28130,27602,528,2579845,2501250,78595,1.138064
qasan_report_2025-05-16_00-13-26.txt,28130,27602,528,2579785,2501190,78595,1.164738
qasan_report_2025-05-16_00-14-00.txt,28144,27616,528,2581749,2503154,78595,1.171892
qasan_report_2025-05-16_00-14-35.txt,28116,27588,528,2577381,2498786,78595,1.144173
qasan_report_2025-05-16_00-15-10.txt,28011,27483,528,2560889,2482294,78595,1.144949
qasan_report_2025-05-16_00-15-45.txt,28011,27483,528,2560889,2482294,78595,1.146227
qasan_report_2025-05-16_00-16-19.txt,28347,27819,528,2614249,2535654,78595,1.156788
qasan_report_2025-05-16_00-16-54.txt,28347,27819,528,2614193,2535598,78595,1.169219
qasan_report_2025-05-16_00-17-29.txt,28137,27609,528,2580953,2502358,78595,1.146938
qasan_report_2025-05-16_00-18-04.txt,28249,27721,528,2598561,2519966,78595,1.171887
qasan_report_2025-05-16_00-18-40.txt,28011,27483,528,2561009,2482414,78595,1.147512
qasan_report_2025-05-16_00-19-15.txt,28018,27490,528,2562117,2483522,78595,1.217895
